iter,ratio,A_mean,A_sig,r_mean,r_sig,portion,scaling
1,0.43666666666666665,-0.9217834374497245,0.2305447275303032,1.727210156271193,0.530050463984597,0.5029332260860538,5.478388517839857
2,0.8255555555555555,-0.9215297488610574,0.25805787559471194,2.0299305107758867,0.518344650919736,0.49378509724538655,6.616567730333074
3,0.9494444444444443,-0.9233642221975578,0.304239644677575,1.906033259359641,0.47100372140418295,0.49131920744543434,7.1488132139000795
4,0.9816666666666666,-0.9244720567036621,0.30508806211581213,1.9288414312147546,0.44384383441504033,0.48865394392452544,7.304006478632648
