N,T,mu_r,sigma_r,mu_A,sigma_A,portion,scaling,fraction_avg,fraction_stdev
5,3,1.9288414312147546,0.44384383441504033,-0.9244720567036621,0.30508806211581213,0.48865394392452544,7.304006478632648,,
10,1,2.0900457675864015,0.34374938386010706,-0.34957337852079434,0.317489533866379,1.0,1.0,,
15,1,2.2267028066467236,0.3198115664893998,-0.07498799915476266,0.28535680382806683,1.0,1.0,,